,author,op,datetime
598,AlexPlaysMusic123,1,2021-07-19
908,fueno45,1,2021-07-20
1022,[deleted],1,2021-07-20
1155,[deleted],0,2021-07-20
1816,[deleted],1,2021-07-21
2108,[deleted],1,2021-07-22
2177,[deleted],1,2021-07-22
2266,AlexPlaysMusic123,1,2021-07-22
2752,ThatWasNotEasy10,1,2021-07-23
2786,fueno45,1,2021-07-23
2917,Existing5678,1,2021-07-24
2950,RepresentativeElk159,0,2021-07-24
2998,Jim-Dread,1,2021-07-24
3121,AlexPlaysMusic123,1,2021-07-24
3253,fueno45,1,2021-07-24
3415,RepresentativeElk159,0,2021-07-25
3574,RepresentativeElk159,1,2021-07-25
3630,RepresentativeElk159,0,2021-07-25
3637,ThatWasNotEasy10,1,2021-07-25
3882,patheticccccccc,1,2021-07-26
4091,Jim-Dread,1,2021-07-26
4196,fueno45,1,2021-07-26
4277,fueno45,1,2021-07-26
4424,ThatWasNotEasy10,1,2021-07-27
5037,ThatWasNotEasy10,1,2021-07-28
5247,[deleted],1,2021-07-29
5248,[deleted],1,2021-07-29
5249,[deleted],1,2021-07-29
5538,patheticccccccc,1,2021-07-29
5547,fueno45,1,2021-07-29
5809,[deleted],1,2021-07-30
5828,Existing5678,1,2021-07-30
5843,ThatWasNotEasy10,1,2021-07-30
5861,RepresentativeElk159,1,2021-07-30
6035,fueno45,0,2021-07-30
6442,fueno45,1,2021-07-31
6445,fueno45,0,2021-07-31
6447,fueno45,1,2021-07-31
6843,Existing5678,1,2021-08-01
6881,[deleted],1,2021-08-01
6883,[deleted],1,2021-08-01
7062,AlexPlaysMusic123,1,2021-08-01
7199,fueno45,1,2021-08-01
7311,[deleted],1,2021-08-02
7424,RepresentativeElk159,1,2021-08-02
7618,AlexPlaysMusic123,1,2021-08-02
7632,AlexPlaysMusic123,1,2021-08-02
7776,ThatWasNotEasy10,1,2021-08-02
7829,patheticccccccc,1,2021-08-03
7904,Jim-Dread,1,2021-08-03
7936,ThatWasNotEasy10,1,2021-08-03
8280,Aqua_v2,0,2021-08-03
8338,DraftConnect568,1,2021-08-04
8369,ThatWasNotEasy10,1,2021-08-04
8433,Existing5678,1,2021-08-04
8577,DraftConnect568,1,2021-08-04
8621,[deleted],1,2021-08-04
8707,AlexPlaysMusic123,1,2021-08-04
8712,Jim-Dread,1,2021-08-04
8753,DraftConnect568,1,2021-08-04
8790,ThatWasNotEasy10,0,2021-08-04
9117,fueno45,1,2021-08-05
9130,fueno45,0,2021-08-05
9170,ThatWasNotEasy10,0,2021-08-05
9233,[deleted],1,2021-08-05
9320,fueno45,0,2021-08-06
9399,patheticccccccc,1,2021-08-06
9444,ThatWasNotEasy10,1,2021-08-06
9477,DraftConnect568,1,2021-08-06
9756,DraftConnect568,1,2021-08-06
9774,fueno45,1,2021-08-06
9791,[deleted],1,2021-08-06
9806,ThatWasNotEasy10,1,2021-08-06
9890,ThatWasNotEasy10,0,2021-08-07
10016,ThatWasNotEasy10,1,2021-08-07
10117,fueno45,1,2021-08-07
10213,Aqua_v2,1,2021-08-07
10216,fueno45,1,2021-08-07
10228,fueno45,1,2021-08-07
10239,fueno45,1,2021-08-07
10240,fueno45,0,2021-08-07
10267,fueno45,1,2021-08-07
10300,ThatWasNotEasy10,0,2021-08-07
10307,DraftConnect568,1,2021-08-07
10708,Existing5678,1,2021-08-08
10819,Existing5678,1,2021-08-08
10897,Aqua_v2,1,2021-08-09
10960,Existing5678,0,2021-08-09
10975,Existing5678,0,2021-08-09
11003,glasstumble16,1,2021-08-09
11121,Existing5678,1,2021-08-09
11403,[deleted],1,2021-08-10
11489,Existing5678,1,2021-08-10
11752,ThatWasNotEasy10,1,2021-08-10
11838,RepresentativeElk159,1,2021-08-10
11854,RepresentativeElk159,1,2021-08-10
11911,Existing5678,1,2021-08-10
12020,Existing5678,0,2021-08-11
12034,Existing5678,1,2021-08-11
12036,Existing5678,1,2021-08-11
12148,[deleted],1,2021-08-11
12369,AlexPlaysMusic123,1,2021-08-11
12491,ThatWasNotEasy10,1,2021-08-12
12586,fueno45,1,2021-08-12
12591,fueno45,1,2021-08-12
12615,fueno45,0,2021-08-12
12619,fueno45,1,2021-08-12
12629,fueno45,1,2021-08-12
12668,fueno45,1,2021-08-12
12901,ThatWasNotEasy10,1,2021-08-13
12961,Existing5678,1,2021-08-13
13003,[deleted],1,2021-08-13
13203,patheticccccccc,1,2021-08-13
13384,fueno45,1,2021-08-14
13389,fueno45,1,2021-08-14
13408,fueno45,1,2021-08-14
13459,ThatWasNotEasy10,1,2021-08-14
13558,Jim-Dread,1,2021-08-14
13562,[deleted],1,2021-08-14
13781,AlexPlaysMusic123,1,2021-08-14
14083,AlexPlaysMusic123,1,2021-08-15
14098,AlexPlaysMusic123,1,2021-08-15
14100,ThatWasNotEasy10,0,2021-08-15
14111,fueno45,1,2021-08-15
14223,Jim-Dread,1,2021-08-15
14421,fueno45,1,2021-08-16
14468,ThatWasNotEasy10,1,2021-08-16
14514,fueno45,1,2021-08-16
14586,[deleted],1,2021-08-16
14697,[deleted],1,2021-08-16
14858,ThatWasNotEasy10,1,2021-08-16
15144,RepresentativeElk159,1,2021-08-17
15189,ThatWasNotEasy10,1,2021-08-17
15489,Existing5678,1,2021-08-18
15687,fueno45,1,2021-08-18
15904,fueno45,1,2021-08-18
15958,[deleted],1,2021-08-19
16146,[deleted],1,2021-08-19
16158,fueno45,1,2021-08-19
16222,fueno45,1,2021-08-19
16224,fueno45,1,2021-08-19
16267,fueno45,1,2021-08-19
16469,fueno45,1,2021-08-20
16547,patheticccccccc,1,2021-08-20
16554,[deleted],1,2021-08-20
16558,Existing5678,1,2021-08-20
16561,[deleted],1,2021-08-20
16564,Existing5678,1,2021-08-20
16566,[deleted],1,2021-08-20
16573,[deleted],1,2021-08-20
16578,[deleted],1,2021-08-20
16580,[deleted],0,2021-08-20
16591,[deleted],1,2021-08-20
16594,[deleted],1,2021-08-20
16596,[deleted],1,2021-08-20
16600,[deleted],0,2021-08-20
16602,[deleted],1,2021-08-20
16605,[deleted],0,2021-08-20
16607,[deleted],1,2021-08-20
16610,[deleted],0,2021-08-20
16612,[deleted],1,2021-08-20
16619,[deleted],1,2021-08-20
16630,[deleted],0,2021-08-20
16632,[deleted],1,2021-08-20
16635,[deleted],0,2021-08-20
16646,[deleted],1,2021-08-20
16661,[deleted],1,2021-08-20
16669,[deleted],1,2021-08-20
16686,[deleted],1,2021-08-20
16690,[deleted],0,2021-08-20
16702,[deleted],1,2021-08-20
16716,[deleted],1,2021-08-20
16717,[deleted],1,2021-08-20
16728,[deleted],1,2021-08-20
16738,[deleted],1,2021-08-20
16761,[deleted],1,2021-08-20
16765,[deleted],0,2021-08-20
16776,[deleted],1,2021-08-20
16777,[deleted],1,2021-08-20
16778,Existing5678,1,2021-08-20
16781,[deleted],1,2021-08-20
16789,[deleted],1,2021-08-20
16791,[deleted],1,2021-08-20
16799,[deleted],1,2021-08-20
16809,[deleted],1,2021-08-20
16827,[deleted],1,2021-08-20
16829,[deleted],1,2021-08-20
16830,[deleted],0,2021-08-20
16838,[deleted],1,2021-08-20
16845,[deleted],0,2021-08-20
16846,[deleted],1,2021-08-20
16856,[deleted],1,2021-08-20
16858,[deleted],1,2021-08-20
16867,[deleted],1,2021-08-20
16870,[deleted],0,2021-08-20
16871,[deleted],1,2021-08-20
16873,[deleted],1,2021-08-20
16885,[deleted],0,2021-08-20
16892,[deleted],1,2021-08-20
16894,[deleted],1,2021-08-20
16901,[deleted],1,2021-08-20
16903,[deleted],1,2021-08-20
16913,[deleted],1,2021-08-20
16919,[deleted],1,2021-08-20
16922,[deleted],1,2021-08-20
16929,[deleted],1,2021-08-20
16941,[deleted],1,2021-08-20
16953,[deleted],1,2021-08-20
16961,[deleted],1,2021-08-21
16970,[deleted],0,2021-08-21
16981,[deleted],1,2021-08-21
16985,[deleted],0,2021-08-21
16994,[deleted],1,2021-08-21
17007,[deleted],1,2021-08-21
17014,[deleted],1,2021-08-21
17015,[deleted],0,2021-08-21
17019,[deleted],1,2021-08-21
17026,[deleted],1,2021-08-21
17032,fueno45,1,2021-08-21
17045,[deleted],0,2021-08-21
17049,[deleted],1,2021-08-21
17051,[deleted],1,2021-08-21
17065,[deleted],0,2021-08-21
17070,[deleted],0,2021-08-21
17081,[deleted],1,2021-08-21
17121,ThatWasNotEasy10,1,2021-08-21
17127,[deleted],1,2021-08-21
17135,[deleted],0,2021-08-21
17140,[deleted],0,2021-08-21
17150,[deleted],0,2021-08-21
17166,[deleted],1,2021-08-21
17174,[deleted],1,2021-08-21
17189,[deleted],1,2021-08-21
17202,fueno45,1,2021-08-21
17220,[deleted],0,2021-08-21
17229,[deleted],1,2021-08-21
17231,[deleted],1,2021-08-21
17253,fueno45,1,2021-08-21
17297,[deleted],1,2021-08-21
17304,[deleted],1,2021-08-21
17309,[deleted],1,2021-08-21
17343,[deleted],1,2021-08-21
17359,[deleted],1,2021-08-21
17387,[deleted],1,2021-08-21
17397,[deleted],1,2021-08-21
17403,[deleted],1,2021-08-21
17408,[deleted],1,2021-08-21
17416,[deleted],1,2021-08-21
17534,ThatWasNotEasy10,1,2021-08-22
17683,fueno45,1,2021-08-22
17686,ThatWasNotEasy10,1,2021-08-22
17707,fueno45,1,2021-08-22
17956,fueno45,1,2021-08-22
18137,DraftConnect568,1,2021-08-23
18171,ThatWasNotEasy10,1,2021-08-23
18182,[deleted],1,2021-08-23
18396,broken4ever81,1,2021-08-23
18452,fueno45,1,2021-08-23
18488,fueno45,1,2021-08-23
18643,Existing5678,1,2021-08-24
18645,Existing5678,0,2021-08-24
18647,Existing5678,1,2021-08-24
18660,Existing5678,0,2021-08-24
18675,Existing5678,0,2021-08-24
18702,[deleted],1,2021-08-24
18958,fueno45,1,2021-08-24
19055,fueno45,0,2021-08-24
19107,ThatWasNotEasy10,1,2021-08-25
19150,Existing5678,0,2021-08-25
19188,Existing5678,1,2021-08-25
19255,fueno45,0,2021-08-25
19258,fueno45,1,2021-08-25
19369,fueno45,1,2021-08-25
19378,fueno45,1,2021-08-25
19553,fueno45,1,2021-08-25
19615,fueno45,0,2021-08-26
19618,fueno45,1,2021-08-26
19701,ThatWasNotEasy10,1,2021-08-26
19857,fueno45,1,2021-08-26
19870,fueno45,0,2021-08-26
19887,broken4ever81,1,2021-08-26
19935,fueno45,0,2021-08-26
20045,ThatWasNotEasy10,0,2021-08-27
20103,patheticccccccc,1,2021-08-27
20111,patheticccccccc,1,2021-08-27
20147,patheticccccccc,1,2021-08-27
20150,Existing5678,0,2021-08-27
20164,ThatWasNotEasy10,1,2021-08-27
20238,AlexPlaysMusic123,1,2021-08-27
20298,AlexPlaysMusic123,1,2021-08-27
20472,AlexPlaysMusic123,1,2021-08-27
20505,AlexPlaysMusic123,0,2021-08-28
20564,AlexPlaysMusic123,1,2021-08-28
20601,Existing5678,1,2021-08-28
20640,AlexPlaysMusic123,0,2021-08-28
20812,broken4ever81,1,2021-08-28
20832,AlexPlaysMusic123,1,2021-08-28
20895,Jim-Dread,0,2021-08-28
21060,Existing5678,0,2021-08-29
21115,patheticccccccc,0,2021-08-29
21154,patheticccccccc,1,2021-08-29
21163,ThatWasNotEasy10,1,2021-08-29
21304,fueno45,1,2021-08-29
21434,broken4ever81,1,2021-08-29
21469,fueno45,1,2021-08-29
21510,Existing5678,0,2021-08-29
21560,Existing5678,0,2021-08-30
21634,Existing5678,1,2021-08-30
21675,glasstumble16,0,2021-08-30
21740,[deleted],0,2021-08-30
21850,[deleted],0,2021-08-30
21940,AlexPlaysMusic123,0,2021-08-30
21978,fueno45,1,2021-08-30
21990,fueno45,0,2021-08-30
21996,AlexPlaysMusic123,1,2021-08-30
22041,Existing5678,1,2021-08-30
22123,fueno45,1,2021-08-31
22254,patheticccccccc,1,2021-08-31
22341,[deleted],1,2021-08-31
22416,fueno45,1,2021-08-31
22486,Jim-Dread,1,2021-08-31
22661,[deleted],1,2021-09-01
22670,anechointhedark,0,2021-09-01
22675,Existing5678,0,2021-09-01
22691,Existing5678,1,2021-09-01
22706,Existing5678,1,2021-09-01
22839,RepresentativeElk159,1,2021-09-01
22888,Existing5678,1,2021-09-01
22890,Jim-Dread,0,2021-09-01
22911,EntrepreneurSea4863,1,2021-09-01
22996,Jim-Dread,1,2021-09-01
23081,EntrepreneurSea4863,1,2021-09-01
23085,EntrepreneurSea4863,0,2021-09-01
23088,EntrepreneurSea4863,1,2021-09-01
23094,EntrepreneurSea4863,1,2021-09-02
23099,EntrepreneurSea4863,1,2021-09-02
23106,EntrepreneurSea4863,1,2021-09-02
23124,EntrepreneurSea4863,1,2021-09-02
23133,EntrepreneurSea4863,1,2021-09-02
23143,[deleted],1,2021-09-02
23321,EntrepreneurSea4863,1,2021-09-02
23343,EntrepreneurSea4863,1,2021-09-02
23364,EntrepreneurSea4863,1,2021-09-02
23442,AlexPlaysMusic123,1,2021-09-02
23464,EntrepreneurSea4863,1,2021-09-02
23482,EntrepreneurSea4863,1,2021-09-02
23505,broken4ever81,0,2021-09-02
23566,EntrepreneurSea4863,1,2021-09-02
23875,[deleted],0,2021-09-03
23920,Aqua_v2,0,2021-09-03
23955,AlexPlaysMusic123,0,2021-09-03
23959,Existing5678,1,2021-09-03
24003,AlexPlaysMusic123,1,2021-09-03
24055,Aqua_v2,0,2021-09-04
24128,ThatWasNotEasy10,1,2021-09-04
24214,[deleted],1,2021-09-04
24398,RepresentativeElk159,1,2021-09-04
24489,broken4ever81,1,2021-09-04
24533,[deleted],1,2021-09-04
24680,Existing5678,0,2021-09-05
24691,Existing5678,1,2021-09-05
24772,Jim-Dread,1,2021-09-05
24960,Aqua_v2,0,2021-09-05
24994,[deleted],1,2021-09-05
25307,Aqua_v2,1,2021-09-06
25377,broken4ever81,1,2021-09-06
25392,broken4ever81,1,2021-09-06
25397,Aqua_v2,1,2021-09-06
25444,patheticccccccc,1,2021-09-06
25518,Aqua_v2,1,2021-09-06
25522,Aqua_v2,1,2021-09-06
25760,Jim-Dread,0,2021-09-07
25769,Jim-Dread,1,2021-09-07
25795,ThatWasNotEasy10,0,2021-09-07
25805,broken4ever81,0,2021-09-07
25828,Aqua_v2,1,2021-09-07
25852,EntrepreneurSea4863,1,2021-09-07
26017,Aqua_v2,1,2021-09-07
26084,Aqua_v2,1,2021-09-07
26131,broken4ever81,1,2021-09-07
26154,ThatWasNotEasy10,1,2021-09-07
26171,Aqua_v2,1,2021-09-07
26215,EntrepreneurSea4863,0,2021-09-07
26219,EntrepreneurSea4863,1,2021-09-07
26221,EntrepreneurSea4863,1,2021-09-07
26235,EntrepreneurSea4863,0,2021-09-07
26260,EntrepreneurSea4863,0,2021-09-08
26890,ThatWasNotEasy10,0,2021-09-09
26912,[deleted],1,2021-09-09
26960,Aqua_v2,0,2021-09-09
27071,EntrepreneurSea4863,1,2021-09-09
27181,[deleted],1,2021-09-09
27191,Aqua_v2,1,2021-09-09
27373,ThatWasNotEasy10,1,2021-09-10
27393,AlexPlaysMusic123,1,2021-09-10
27463,EntrepreneurSea4863,1,2021-09-10
27465,EntrepreneurSea4863,0,2021-09-10
27477,EntrepreneurSea4863,1,2021-09-10
27484,EntrepreneurSea4863,1,2021-09-10
27566,RepresentativeElk159,1,2021-09-10
27571,patheticccccccc,1,2021-09-10
27578,Aqua_v2,1,2021-09-10
27658,Aqua_v2,1,2021-09-10
27662,Aqua_v2,1,2021-09-10
27822,RepresentativeElk159,1,2021-09-11
27830,RepresentativeElk159,0,2021-09-11
27854,RepresentativeElk159,1,2021-09-11
27933,EntrepreneurSea4863,1,2021-09-11
27942,EntrepreneurSea4863,1,2021-09-11
27947,EntrepreneurSea4863,1,2021-09-11
28046,RepresentativeElk159,1,2021-09-11
28061,RepresentativeElk159,1,2021-09-11
28065,broken4ever81,0,2021-09-11
28067,Aqua_v2,1,2021-09-11
28073,RepresentativeElk159,1,2021-09-11
28139,broken4ever81,1,2021-09-11
28209,Aqua_v2,1,2021-09-12
28288,Existing5678,1,2021-09-12
28300,RepresentativeElk159,0,2021-09-12
28511,EntrepreneurSea4863,1,2021-09-12
28514,Existing5678,1,2021-09-12
28542,[deleted],1,2021-09-12
28564,[deleted],1,2021-09-12
28598,broken4ever81,1,2021-09-12
28642,EntrepreneurSea4863,1,2021-09-12
28656,Aqua_v2,1,2021-09-12
28669,EntrepreneurSea4863,1,2021-09-12
28671,EntrepreneurSea4863,1,2021-09-12
28692,EntrepreneurSea4863,1,2021-09-12
28796,EntrepreneurSea4863,1,2021-09-13
28808,Aqua_v2,1,2021-09-13
28942,broken4ever81,1,2021-09-13
28944,Aqua_v2,1,2021-09-13
28994,EntrepreneurSea4863,1,2021-09-13
29048,patheticccccccc,1,2021-09-13
29089,EntrepreneurSea4863,1,2021-09-13
29128,EntrepreneurSea4863,1,2021-09-13
29137,EntrepreneurSea4863,1,2021-09-13
29153,EntrepreneurSea4863,1,2021-09-13
29157,EntrepreneurSea4863,1,2021-09-13
29169,EntrepreneurSea4863,1,2021-09-13
29250,patheticccccccc,0,2021-09-13
29323,[deleted],1,2021-09-13
29492,Existing5678,1,2021-09-14
29496,Existing5678,1,2021-09-14
29642,broken4ever81,1,2021-09-14
29707,RepresentativeElk159,1,2021-09-14
29752,broken4ever81,1,2021-09-14
30260,RepresentativeElk159,0,2021-09-15
30296,Existing5678,1,2021-09-15
30368,Aqua_v2,1,2021-09-15
30416,EntrepreneurSea4863,1,2021-09-15
30457,Aqua_v2,1,2021-09-15
30481,EntrepreneurSea4863,1,2021-09-16
30612,broken4ever81,1,2021-09-16
30656,RepresentativeElk159,1,2021-09-16
30668,EntrepreneurSea4863,1,2021-09-16
30683,EntrepreneurSea4863,1,2021-09-16
30688,EntrepreneurSea4863,1,2021-09-16
30754,AlexPlaysMusic123,1,2021-09-16
30781,[deleted],1,2021-09-16
30785,Aqua_v2,0,2021-09-16
30923,Aqua_v2,1,2021-09-16
31029,Existing5678,1,2021-09-17
31062,RepresentativeElk159,1,2021-09-17
31116,[deleted],1,2021-09-17
31160,Aqua_v2,0,2021-09-17
31174,EntrepreneurSea4863,1,2021-09-17
31187,EntrepreneurSea4863,1,2021-09-17
31188,EntrepreneurSea4863,1,2021-09-17
31211,EntrepreneurSea4863,1,2021-09-17
31222,EntrepreneurSea4863,1,2021-09-17
31239,EntrepreneurSea4863,1,2021-09-17
31252,EntrepreneurSea4863,1,2021-09-17
31308,[deleted],1,2021-09-17
31419,Aqua_v2,1,2021-09-17
31432,EntrepreneurSea4863,1,2021-09-17
31443,ThatWasNotEasy10,1,2021-09-17
31448,EntrepreneurSea4863,1,2021-09-17
31453,EntrepreneurSea4863,1,2021-09-18
31454,EntrepreneurSea4863,1,2021-09-18
31461,EntrepreneurSea4863,1,2021-09-18
31465,EntrepreneurSea4863,0,2021-09-18
31486,EntrepreneurSea4863,1,2021-09-18
31496,EntrepreneurSea4863,1,2021-09-18
31649,EntrepreneurSea4863,1,2021-09-18
31652,EntrepreneurSea4863,1,2021-09-18
31654,EntrepreneurSea4863,1,2021-09-18
31660,EntrepreneurSea4863,0,2021-09-18
31720,EntrepreneurSea4863,0,2021-09-18
31793,broken4ever81,1,2021-09-18
31862,[deleted],1,2021-09-18
32032,Existing5678,1,2021-09-19
32184,[deleted],1,2021-09-19
32213,patheticccccccc,1,2021-09-19
32266,[deleted],1,2021-09-19
32362,anechointhedark,1,2021-09-19
32363,EntrepreneurSea4863,1,2021-09-19
32364,EntrepreneurSea4863,1,2021-09-19
32368,EntrepreneurSea4863,1,2021-09-19
32373,EntrepreneurSea4863,1,2021-09-19
32377,EntrepreneurSea4863,1,2021-09-19
32382,EntrepreneurSea4863,1,2021-09-19
32384,EntrepreneurSea4863,1,2021-09-19
32487,Aqua_v2,1,2021-09-20
32506,Existing5678,1,2021-09-20
32604,RepresentativeElk159,1,2021-09-20
32621,EntrepreneurSea4863,1,2021-09-20
32623,EntrepreneurSea4863,1,2021-09-20
32661,EntrepreneurSea4863,1,2021-09-20
32664,EntrepreneurSea4863,1,2021-09-20
32949,Aqua_v2,1,2021-09-20
33003,Aqua_v2,1,2021-09-21
33060,[deleted],0,2021-09-21
33068,RepresentativeElk159,1,2021-09-21
33189,EntrepreneurSea4863,1,2021-09-21
33276,EntrepreneurSea4863,1,2021-09-21
33285,EntrepreneurSea4863,0,2021-09-21
33304,EntrepreneurSea4863,1,2021-09-21
33309,Aqua_v2,1,2021-09-21
33361,EntrepreneurSea4863,1,2021-09-21
33364,EntrepreneurSea4863,1,2021-09-21
33365,broken4ever81,0,2021-09-21
33368,EntrepreneurSea4863,1,2021-09-21
33464,EntrepreneurSea4863,1,2021-09-21
33475,EntrepreneurSea4863,0,2021-09-21
33486,EntrepreneurSea4863,1,2021-09-22
33532,patheticccccccc,1,2021-09-22
33540,EntrepreneurSea4863,0,2021-09-22
33567,Existing5678,1,2021-09-22
33817,Aqua_v2,1,2021-09-22
33826,[deleted],1,2021-09-22
33837,[deleted],1,2021-09-22
33839,[deleted],1,2021-09-22
33845,RepresentativeElk159,0,2021-09-22
33880,[deleted],0,2021-09-22
33885,[deleted],0,2021-09-22
33939,[deleted],1,2021-09-22
33942,[deleted],1,2021-09-22
33955,[deleted],0,2021-09-22
33964,[deleted],1,2021-09-22
33969,[deleted],1,2021-09-22
33977,[deleted],1,2021-09-22
33984,[deleted],1,2021-09-22
34015,[deleted],0,2021-09-23
34030,[deleted],0,2021-09-23
34051,[deleted],1,2021-09-23
34067,[deleted],1,2021-09-23
34135,ThatWasNotEasy10,0,2021-09-23
34391,[deleted],1,2021-09-23
34506,patheticccccccc,1,2021-09-23
34534,EntrepreneurSea4863,1,2021-09-24
34540,Aqua_v2,0,2021-09-24
34598,broken4ever81,1,2021-09-24
34709,EntrepreneurSea4863,1,2021-09-24
34713,EntrepreneurSea4863,1,2021-09-24
34718,anechointhedark,1,2021-09-24
34719,EntrepreneurSea4863,1,2021-09-24
34734,[deleted],1,2021-09-24
34795,EntrepreneurSea4863,0,2021-09-24
34910,broken4ever81,0,2021-09-24
34984,[deleted],1,2021-09-24
35060,ThatWasNotEasy10,0,2021-09-25
35140,RepresentativeElk159,0,2021-09-25
35157,EntrepreneurSea4863,1,2021-09-25
35284,RepresentativeElk159,1,2021-09-25
35356,Aqua_v2,1,2021-09-25
35375,RepresentativeElk159,0,2021-09-25
35556,Existing5678,1,2021-09-26
35558,Existing5678,1,2021-09-26
35563,Existing5678,1,2021-09-26
35622,RepresentativeElk159,1,2021-09-26
35813,Aqua_v2,1,2021-09-26
35879,broken4ever81,1,2021-09-26
35950,EntrepreneurSea4863,0,2021-09-26
35953,EntrepreneurSea4863,1,2021-09-26
35964,anechointhedark,1,2021-09-27
36010,Aqua_v2,0,2021-09-27
36069,RepresentativeElk159,1,2021-09-27
36123,[deleted],1,2021-09-27
36277,[deleted],1,2021-09-27
36589,glasstumble16,1,2021-09-28
36671,[deleted],1,2021-09-28
36674,glasstumble16,1,2021-09-28
36837,[deleted],1,2021-09-28
36907,RepresentativeElk159,1,2021-09-28
37112,Existing5678,1,2021-09-29
37168,ThatWasNotEasy10,1,2021-09-29
37316,broken4ever81,1,2021-09-29
37473,[deleted],1,2021-09-29
37586,patheticccccccc,1,2021-09-30
37876,patheticccccccc,1,2021-09-30
37934,ThatWasNotEasy10,1,2021-09-30
37972,Jim-Dread,1,2021-09-30
38088,Existing5678,1,2021-09-30
38138,Jim-Dread,1,2021-10-01
38142,Jim-Dread,1,2021-10-01
38188,patheticccccccc,1,2021-10-01
38403,RepresentativeElk159,1,2021-10-01
38440,Existing5678,0,2021-10-01
38461,broken4ever81,1,2021-10-01
38644,Existing5678,1,2021-10-02
38805,Aqua_v2,0,2021-10-02
38871,patheticccccccc,1,2021-10-02
38878,RepresentativeElk159,1,2021-10-02
39131,patheticccccccc,1,2021-10-03
39527,anechointhedark,1,2021-10-03
39552,Existing5678,1,2021-10-03
39689,patheticccccccc,1,2021-10-04
39831,broken4ever81,1,2021-10-04
39950,patheticccccccc,0,2021-10-04
40164,[deleted],1,2021-10-05
40166,[deleted],1,2021-10-05
40175,[deleted],0,2021-10-05
40177,[deleted],1,2021-10-05
40182,[deleted],1,2021-10-05
40200,[deleted],0,2021-10-05
40204,[deleted],1,2021-10-05
40218,[deleted],1,2021-10-05
40222,[deleted],1,2021-10-05
40235,[deleted],0,2021-10-05
40240,[deleted],0,2021-10-05
40241,[deleted],1,2021-10-05
40245,[deleted],0,2021-10-05
40253,[deleted],1,2021-10-05
40264,[deleted],1,2021-10-05
40271,[deleted],1,2021-10-05
40291,[deleted],1,2021-10-05
40294,[deleted],1,2021-10-05
40297,[deleted],1,2021-10-05
40299,[deleted],1,2021-10-05
40319,[deleted],1,2021-10-05
40320,[deleted],0,2021-10-05
40322,[deleted],1,2021-10-05
40327,[deleted],1,2021-10-05
40331,[deleted],1,2021-10-05
40337,[deleted],1,2021-10-05
40338,[deleted],1,2021-10-05
40347,[deleted],1,2021-10-05
40354,[deleted],1,2021-10-05
40358,[deleted],1,2021-10-05
40360,[deleted],0,2021-10-05
40362,[deleted],1,2021-10-05
40376,[deleted],1,2021-10-05
40391,[deleted],1,2021-10-05
40398,[deleted],1,2021-10-05
40408,[deleted],1,2021-10-05
40412,[deleted],1,2021-10-05
40418,[deleted],1,2021-10-05
40419,[deleted],1,2021-10-05
40421,[deleted],1,2021-10-05
40422,[deleted],1,2021-10-05
40425,[deleted],0,2021-10-05
40448,[deleted],1,2021-10-05
40454,[deleted],1,2021-10-05
40467,[deleted],1,2021-10-05
40479,[deleted],1,2021-10-05
40484,[deleted],1,2021-10-05
40486,[deleted],1,2021-10-05
40489,[deleted],1,2021-10-05
40493,[deleted],1,2021-10-05
40495,[deleted],0,2021-10-05
40496,[deleted],1,2021-10-05
40497,[deleted],1,2021-10-05
40500,[deleted],0,2021-10-05
40504,[deleted],1,2021-10-05
40506,[deleted],1,2021-10-05
40509,[deleted],1,2021-10-05
40524,Existing5678,1,2021-10-05
40525,[deleted],0,2021-10-05
40528,[deleted],1,2021-10-05
40531,[deleted],1,2021-10-05
40533,[deleted],1,2021-10-05
40534,[deleted],1,2021-10-05
40536,[deleted],1,2021-10-05
40539,[deleted],1,2021-10-05
40542,[deleted],1,2021-10-05
40544,[deleted],1,2021-10-05
40550,[deleted],0,2021-10-05
40551,[deleted],1,2021-10-05
40556,[deleted],1,2021-10-05
40564,[deleted],1,2021-10-05
40565,[deleted],0,2021-10-05
40566,[deleted],1,2021-10-05
40567,[deleted],1,2021-10-05
40568,[deleted],1,2021-10-05
40578,[deleted],1,2021-10-05
40580,[deleted],0,2021-10-05
40588,[deleted],1,2021-10-05
40593,[deleted],1,2021-10-05
40603,[deleted],1,2021-10-05
40609,[deleted],1,2021-10-05
40657,[deleted],1,2021-10-06
40658,[deleted],1,2021-10-06
40659,[deleted],1,2021-10-06
40667,[deleted],1,2021-10-06
40670,[deleted],0,2021-10-06
40673,[deleted],1,2021-10-06
40692,[deleted],1,2021-10-06
40708,[deleted],1,2021-10-06
40716,[deleted],1,2021-10-06
40729,[deleted],1,2021-10-06
40730,[deleted],0,2021-10-06
40745,[deleted],0,2021-10-06
40747,[deleted],1,2021-10-06
40754,ThatWasNotEasy10,1,2021-10-06
40760,[deleted],0,2021-10-06
40778,[deleted],1,2021-10-06
40823,[deleted],1,2021-10-06
40841,[deleted],1,2021-10-06
40850,[deleted],0,2021-10-06
40861,[deleted],1,2021-10-06
40865,[deleted],0,2021-10-06
40868,[deleted],1,2021-10-06
40898,[deleted],1,2021-10-06
40909,[deleted],1,2021-10-06
40918,[deleted],1,2021-10-06
40919,[deleted],1,2021-10-06
40932,[deleted],1,2021-10-06
40937,[deleted],1,2021-10-06
40938,[deleted],1,2021-10-06
40940,[deleted],0,2021-10-06
40947,[deleted],1,2021-10-06
40949,[deleted],1,2021-10-06
40964,[deleted],1,2021-10-06
40976,[deleted],1,2021-10-06
40978,[deleted],1,2021-10-06
41010,[deleted],0,2021-10-06
41042,[deleted],1,2021-10-06
41047,[deleted],1,2021-10-06
41092,[deleted],1,2021-10-06
41124,[deleted],1,2021-10-06
41127,[deleted],1,2021-10-06
41138,[deleted],1,2021-10-06
41144,[deleted],1,2021-10-06
41152,Jim-Dread,1,2021-10-06
41165,[deleted],0,2021-10-07
41226,Existing5678,1,2021-10-07
41227,ThatWasNotEasy10,1,2021-10-07
41350,RepresentativeElk159,0,2021-10-07
41352,anechointhedark,1,2021-10-07
41377,[deleted],1,2021-10-07
41562,anechointhedark,1,2021-10-07
41567,broken4ever81,1,2021-10-07
41685,anechointhedark,0,2021-10-08
41698,Existing5678,1,2021-10-08
41829,[deleted],1,2021-10-08
41830,[deleted],0,2021-10-08
41980,ThatWasNotEasy10,0,2021-10-08
42018,[deleted],1,2021-10-08
42197,glasstumble16,1,2021-10-09
42237,RepresentativeElk159,1,2021-10-09
42292,RepresentativeElk159,1,2021-10-09
42309,Jim-Dread,1,2021-10-09
42368,RepresentativeElk159,1,2021-10-09
42373,Jim-Dread,1,2021-10-09
42398,[deleted],1,2021-10-09
42424,RepresentativeElk159,1,2021-10-09
42567,ThatWasNotEasy10,1,2021-10-10
42630,Jim-Dread,0,2021-10-10
42663,Existing5678,1,2021-10-10
42669,Existing5678,1,2021-10-10
42670,Existing5678,0,2021-10-10
42673,RepresentativeElk159,1,2021-10-10
42735,ThatWasNotEasy10,0,2021-10-10
42881,RepresentativeElk159,1,2021-10-10
42936,Aqua_v2,1,2021-10-10
42948,[deleted],1,2021-10-10
42949,[deleted],1,2021-10-10
42950,[deleted],0,2021-10-10
42966,patheticccccccc,1,2021-10-10
43017,Aqua_v2,1,2021-10-10
43153,Existing5678,1,2021-10-11
43305,Jim-Dread,0,2021-10-11
43458,RepresentativeElk159,1,2021-10-11
43464,RepresentativeElk159,1,2021-10-11
43469,anechointhedark,1,2021-10-11
43556,Existing5678,1,2021-10-11
43560,Existing5678,0,2021-10-11
43590,[deleted],0,2021-10-11
43616,anechointhedark,1,2021-10-12
43742,glasstumble16,1,2021-10-12
43756,[deleted],1,2021-10-12
43776,RepresentativeElk159,1,2021-10-12
43963,Aqua_v2,1,2021-10-12
44063,broken4ever81,1,2021-10-12
44092,Existing5678,1,2021-10-12
44142,Aqua_v2,1,2021-10-13
44190,ThatWasNotEasy10,0,2021-10-13
44618,Aqua_v2,1,2021-10-13
44636,Existing5678,1,2021-10-13
44641,[deleted],1,2021-10-13
44642,[deleted],1,2021-10-13
44729,ThatWasNotEasy10,1,2021-10-14
44756,Existing5678,1,2021-10-14
44779,Existing5678,1,2021-10-14
45224,Existing5678,1,2021-10-15
45239,Existing5678,1,2021-10-15
45329,RepresentativeElk159,1,2021-10-15
45776,AlexPlaysMusic123,1,2021-10-16
45833,RepresentativeElk159,1,2021-10-16
45856,Existing5678,1,2021-10-16
45859,Existing5678,1,2021-10-16
45869,Existing5678,1,2021-10-16
46204,anechointhedark,1,2021-10-17
46401,[deleted],1,2021-10-17
46416,broken4ever81,1,2021-10-17
46420,[deleted],0,2021-10-17
46442,ThatWasNotEasy10,1,2021-10-17
46521,[deleted],1,2021-10-17
46539,Aqua_v2,1,2021-10-17
46618,AlexPlaysMusic123,1,2021-10-18
46660,anechointhedark,0,2021-10-18
46702,Existing5678,1,2021-10-18
46743,[deleted],1,2021-10-18
46760,ThatWasNotEasy10,0,2021-10-18
46910,RepresentativeElk159,0,2021-10-18
47026,Aqua_v2,1,2021-10-18
47063,broken4ever81,1,2021-10-18
47071,Aqua_v2,1,2021-10-18
47148,anechointhedark,1,2021-10-19
47185,glasstumble16,0,2021-10-19
47282,anechointhedark,1,2021-10-19
47379,anechointhedark,1,2021-10-19
47592,Aqua_v2,1,2021-10-19
47649,patheticccccccc,1,2021-10-19
47681,anechointhedark,1,2021-10-20
47715,[deleted],0,2021-10-20
47756,anechointhedark,1,2021-10-20
47757,anechointhedark,1,2021-10-20
47798,ThatWasNotEasy10,1,2021-10-20
47942,anechointhedark,1,2021-10-20
48009,[deleted],1,2021-10-20
48034,Existing5678,1,2021-10-20
48185,anechointhedark,0,2021-10-20
48242,patheticccccccc,1,2021-10-21
48248,Aqua_v2,1,2021-10-21
48291,patheticccccccc,1,2021-10-21
48353,broken4ever81,1,2021-10-21
48411,patheticccccccc,1,2021-10-21
48454,anechointhedark,1,2021-10-21
48472,RepresentativeElk159,1,2021-10-21
48526,[deleted],1,2021-10-21
48547,DraftConnect568,1,2021-10-21
48636,Existing5678,1,2021-10-21
48811,Jim-Dread,1,2021-10-22
49025,[deleted],0,2021-10-22
49131,broken4ever81,1,2021-10-22
49166,anechointhedark,1,2021-10-22
49352,[deleted],1,2021-10-23
49390,glasstumble16,0,2021-10-23
49395,ThatWasNotEasy10,0,2021-10-23
49600,broken4ever81,0,2021-10-23
49618,[deleted],1,2021-10-23
49631,Aqua_v2,1,2021-10-23
49632,Aqua_v2,1,2021-10-23
49894,Existing5678,1,2021-10-24
49901,Existing5678,1,2021-10-24
49910,AlexPlaysMusic123,0,2021-10-24
49947,broken4ever81,1,2021-10-24
50041,Aqua_v2,1,2021-10-24
50174,Jim-Dread,1,2021-10-24
50199,RepresentativeElk159,1,2021-10-24
50378,RepresentativeElk159,1,2021-10-24
50412,Aqua_v2,1,2021-10-25
50452,AlexPlaysMusic123,1,2021-10-25
50458,ThatWasNotEasy10,1,2021-10-25
50531,[deleted],1,2021-10-25
50572,patheticccccccc,1,2021-10-25
50583,RepresentativeElk159,1,2021-10-25
50682,patheticccccccc,1,2021-10-25
50912,Existing5678,1,2021-10-25
50982,Aqua_v2,1,2021-10-25
51014,Aqua_v2,1,2021-10-26
51113,Existing5678,1,2021-10-26
51148,ThatWasNotEasy10,1,2021-10-26
51220,patheticccccccc,0,2021-10-26
51637,Existing5678,1,2021-10-27
51652,ThatWasNotEasy10,1,2021-10-27
51883,[deleted],1,2021-10-27
52124,glasstumble16,1,2021-10-28
52145,Existing5678,0,2021-10-28
52210,ThatWasNotEasy10,0,2021-10-28
52341,broken4ever81,1,2021-10-28
52496,broken4ever81,1,2021-10-28
52541,Aqua_v2,1,2021-10-28
52591,RepresentativeElk159,1,2021-10-28
52699,Existing5678,1,2021-10-29
52758,ThatWasNotEasy10,1,2021-10-29
52953,[deleted],1,2021-10-29
53072,RepresentativeElk159,1,2021-10-29
53122,Aqua_v2,1,2021-10-29
53145,DraftConnect568,0,2021-10-30
53154,DraftConnect568,1,2021-10-30
53197,glasstumble16,1,2021-10-30
53238,[deleted],1,2021-10-30
53315,anechointhedark,0,2021-10-30
53432,RepresentativeElk159,1,2021-10-30
53605,Aqua_v2,0,2021-10-30
53672,Aqua_v2,1,2021-10-31
54072,Aqua_v2,1,2021-10-31
54102,glasstumble16,1,2021-10-31
54179,Aqua_v2,1,2021-10-31
54227,[deleted],1,2021-10-31
54228,anechointhedark,1,2021-10-31
54337,Existing5678,1,2021-11-01
54338,Existing5678,1,2021-11-01
54348,Existing5678,1,2021-11-01
54365,Existing5678,0,2021-11-01
54366,RepresentativeElk159,1,2021-11-01
54466,RepresentativeElk159,1,2021-11-01
54494,[deleted],1,2021-11-01
54505,[deleted],0,2021-11-01
54521,[deleted],1,2021-11-01
54524,[deleted],1,2021-11-01
54533,[deleted],1,2021-11-01
54539,[deleted],1,2021-11-01
54543,[deleted],1,2021-11-01
54545,[deleted],0,2021-11-01
54552,[deleted],1,2021-11-01
54558,[deleted],1,2021-11-01
54560,[deleted],0,2021-11-01
54561,[deleted],1,2021-11-01
54586,[deleted],1,2021-11-01
54589,[deleted],1,2021-11-01
54598,[deleted],1,2021-11-01
54604,[deleted],1,2021-11-01
54606,[deleted],1,2021-11-01
54619,[deleted],1,2021-11-01
54632,[deleted],1,2021-11-01
54634,[deleted],1,2021-11-01
54641,ThatWasNotEasy10,1,2021-11-01
54643,[deleted],1,2021-11-01
54644,[deleted],1,2021-11-01
54669,[deleted],1,2021-11-01
54675,[deleted],0,2021-11-01
54676,[deleted],1,2021-11-01
54678,[deleted],1,2021-11-01
54688,[deleted],1,2021-11-01
54698,[deleted],1,2021-11-01
54699,[deleted],1,2021-11-01
54700,[deleted],0,2021-11-01
54702,[deleted],1,2021-11-01
54765,[deleted],0,2021-11-01
54770,[deleted],0,2021-11-01
54799,[deleted],1,2021-11-01
54802,[deleted],1,2021-11-01
54816,[deleted],1,2021-11-01
54819,[deleted],1,2021-11-01
54836,[deleted],1,2021-11-02
54844,[deleted],1,2021-11-02
54846,[deleted],1,2021-11-02
54853,[deleted],1,2021-11-02
54879,[deleted],1,2021-11-02
54959,glasstumble16,1,2021-11-02
54967,DraftConnect568,1,2021-11-02
54971,DraftConnect568,1,2021-11-02
55006,glasstumble16,1,2021-11-02
55301,Aqua_v2,1,2021-11-02
55681,[deleted],1,2021-11-03
55786,patheticccccccc,1,2021-11-03
55828,Jim-Dread,1,2021-11-03
56023,anechointhedark,1,2021-11-04
56064,DraftConnect568,1,2021-11-04
56069,DraftConnect568,1,2021-11-04
56110,ThatWasNotEasy10,0,2021-11-04
56137,glasstumble16,1,2021-11-04
56214,glasstumble16,1,2021-11-04
56280,patheticccccccc,0,2021-11-04
56311,patheticccccccc,1,2021-11-04
56332,patheticccccccc,1,2021-11-04
56422,AlexPlaysMusic123,1,2021-11-04
56425,AlexPlaysMusic123,0,2021-11-04
56427,AlexPlaysMusic123,1,2021-11-04
56471,patheticccccccc,1,2021-11-04
56567,anechointhedark,1,2021-11-05
56619,Jim-Dread,1,2021-11-05
56628,glasstumble16,1,2021-11-05
56672,ThatWasNotEasy10,1,2021-11-05
56854,[deleted],1,2021-11-05
56919,Aqua_v2,1,2021-11-05
56950,Aqua_v2,0,2021-11-05
56986,[deleted],1,2021-11-05
57018,DraftConnect568,1,2021-11-05
57033,DraftConnect568,1,2021-11-05
57074,glasstumble16,1,2021-11-06
57109,DraftConnect568,1,2021-11-06
57191,Jim-Dread,1,2021-11-06
57252,DraftConnect568,1,2021-11-06
57276,Aqua_v2,1,2021-11-06
57297,AlexPlaysMusic123,1,2021-11-06
57475,Aqua_v2,0,2021-11-06
57491,[deleted],1,2021-11-06
57495,anechointhedark,0,2021-11-06
57519,broken4ever81,1,2021-11-06
57582,DraftConnect568,1,2021-11-06
57583,ThatWasNotEasy10,1,2021-11-07
57602,DraftConnect568,1,2021-11-07
57696,[deleted],1,2021-11-07
57756,[deleted],1,2021-11-07
57799,Aqua_v2,1,2021-11-07
57844,Aqua_v2,1,2021-11-07
57969,RepresentativeElk159,1,2021-11-07
57993,RepresentativeElk159,1,2021-11-07
58016,anechointhedark,1,2021-11-07
58168,patheticccccccc,1,2021-11-08
58241,DraftConnect568,1,2021-11-08
58302,ThatWasNotEasy10,1,2021-11-08
58386,RepresentativeElk159,1,2021-11-08
58387,RepresentativeElk159,1,2021-11-08
58471,DraftConnect568,1,2021-11-08
58743,ThatWasNotEasy10,1,2021-11-09
58848,DraftConnect568,1,2021-11-09
58860,glasstumble16,0,2021-11-09
58889,[deleted],1,2021-11-09
59007,DraftConnect568,1,2021-11-09
59060,[deleted],0,2021-11-09
59065,[deleted],0,2021-11-09
59068,[deleted],1,2021-11-09
59112,Jim-Dread,1,2021-11-09
59136,anechointhedark,1,2021-11-09
59295,DraftConnect568,0,2021-11-10
59299,DraftConnect568,1,2021-11-10
59303,DraftConnect568,1,2021-11-10
59343,patheticccccccc,1,2021-11-10
59375,[deleted],0,2021-11-10
59386,ThatWasNotEasy10,1,2021-11-10
59698,DraftConnect568,1,2021-11-10
59763,DraftConnect568,1,2021-11-11
59809,anechointhedark,1,2021-11-11
59832,[deleted],1,2021-11-11
59959,DraftConnect568,1,2021-11-11
60160,DraftConnect568,0,2021-11-11
60186,DraftConnect568,1,2021-11-11
60205,DraftConnect568,0,2021-11-11
60212,DraftConnect568,1,2021-11-11
60219,DraftConnect568,1,2021-11-11
60313,patheticccccccc,1,2021-11-12
60356,patheticccccccc,1,2021-11-12
60506,[deleted],1,2021-11-12
60707,[deleted],1,2021-11-12
60812,glasstumble16,1,2021-11-13
60943,ThatWasNotEasy10,1,2021-11-13
61088,DraftConnect568,1,2021-11-13
61111,DraftConnect568,1,2021-11-13
61339,DraftConnect568,1,2021-11-14
61375,[deleted],0,2021-11-14
61381,patheticccccccc,1,2021-11-14
61407,patheticccccccc,1,2021-11-14
61411,DraftConnect568,1,2021-11-14
61413,DraftConnect568,1,2021-11-14
61450,patheticccccccc,0,2021-11-14
61569,[deleted],1,2021-11-14
61779,DraftConnect568,1,2021-11-14
61786,DraftConnect568,1,2021-11-14
61882,DraftConnect568,1,2021-11-14
61958,glasstumble16,1,2021-11-15
62013,patheticccccccc,1,2021-11-15
62027,[deleted],1,2021-11-15
62099,ThatWasNotEasy10,1,2021-11-15
62230,RepresentativeElk159,0,2021-11-15
62280,broken4ever81,0,2021-11-15
62385,Existing5678,0,2021-11-15
62429,Aqua_v2,1,2021-11-15
62493,[deleted],1,2021-11-15
62535,patheticccccccc,0,2021-11-16
62721,glasstumble16,1,2021-11-16
63009,patheticccccccc,1,2021-11-16
63080,Existing5678,0,2021-11-16
63459,RepresentativeElk159,1,2021-11-17
63461,Aqua_v2,1,2021-11-17
63553,[deleted],1,2021-11-17
63573,AlexPlaysMusic123,1,2021-11-17
63860,[deleted],0,2021-11-18
64034,[deleted],1,2021-11-18
64037,[deleted],1,2021-11-18
64063,[deleted],1,2021-11-18
64103,[deleted],1,2021-11-18
64213,glasstumble16,1,2021-11-19
64236,[deleted],1,2021-11-19
64355,[deleted],0,2021-11-19
64405,RepresentativeElk159,0,2021-11-19
64406,RepresentativeElk159,1,2021-11-19
64469,Jim-Dread,1,2021-11-19
64581,Aqua_v2,1,2021-11-20
64593,glasstumble16,1,2021-11-20
64610,anechointhedark,0,2021-11-20
64676,Existing5678,1,2021-11-20
64769,[deleted],1,2021-11-20
65007,Jim-Dread,1,2021-11-20
65045,AlexPlaysMusic123,0,2021-11-20
65149,DraftConnect568,1,2021-11-21
65257,patheticccccccc,1,2021-11-21
65279,patheticccccccc,1,2021-11-21
65294,Aqua_v2,1,2021-11-21
65509,AlexPlaysMusic123,1,2021-11-21
65518,Aqua_v2,1,2021-11-21
65525,Aqua_v2,0,2021-11-21
65568,broken4ever81,1,2021-11-21
65591,[deleted],1,2021-11-21
65668,Jim-Dread,1,2021-11-22
65693,[deleted],1,2021-11-22
65709,DraftConnect568,1,2021-11-22
65726,DraftConnect568,1,2021-11-22
66015,Jim-Dread,0,2021-11-22
66060,DraftConnect568,0,2021-11-22
66211,[deleted],1,2021-11-22
66272,Aqua_v2,1,2021-11-23
66510,patheticccccccc,0,2021-11-23
66515,DraftConnect568,0,2021-11-23
66517,DraftConnect568,1,2021-11-23
66527,DraftConnect568,1,2021-11-23
66752,patheticccccccc,1,2021-11-24
66863,DraftConnect568,1,2021-11-24
66879,ThatWasNotEasy10,1,2021-11-24
66894,anechointhedark,1,2021-11-24
67015,[deleted],0,2021-11-24
67138,broken4ever81,1,2021-11-24
67217,AlexPlaysMusic123,1,2021-11-24
67232,DraftConnect568,1,2021-11-24
67343,Jim-Dread,1,2021-11-25
67345,glasstumble16,0,2021-11-25
67548,ThatWasNotEasy10,1,2021-11-25
67586,Aqua_v2,1,2021-11-25
67646,Aqua_v2,1,2021-11-25
67860,AlexPlaysMusic123,0,2021-11-26
67881,Existing5678,1,2021-11-26
67899,glasstumble16,1,2021-11-26
68005,AlexPlaysMusic123,0,2021-11-26
68065,Jim-Dread,0,2021-11-26
68068,AlexPlaysMusic123,1,2021-11-26
68081,AlexPlaysMusic123,1,2021-11-26
68134,AlexPlaysMusic123,1,2021-11-26
68141,AlexPlaysMusic123,1,2021-11-26
68629,broken4ever81,1,2021-11-27
68748,glasstumble16,1,2021-11-28
68759,Aqua_v2,1,2021-11-28
68836,glasstumble16,1,2021-11-28
69219,DraftConnect568,1,2021-11-28
69328,patheticccccccc,1,2021-11-29
69451,patheticccccccc,1,2021-11-29
69982,anechointhedark,1,2021-11-30
70003,DraftConnect568,1,2021-11-30
70010,[deleted],0,2021-11-30
70066,RepresentativeElk159,1,2021-11-30
70316,patheticccccccc,1,2021-11-30
71653,anechointhedark,1,2021-12-03
71655,anechointhedark,0,2021-12-03
71794,[deleted],1,2021-12-03
71798,[deleted],1,2021-12-03
71881,[deleted],1,2021-12-03
71982,[deleted],1,2021-12-03
72077,glasstumble16,1,2021-12-04
72192,AlexPlaysMusic123,1,2021-12-04
72242,AlexPlaysMusic123,1,2021-12-04
72248,AlexPlaysMusic123,1,2021-12-04
72277,AlexPlaysMusic123,1,2021-12-04
72352,patheticccccccc,1,2021-12-04
72437,AlexPlaysMusic123,1,2021-12-04
72444,AlexPlaysMusic123,1,2021-12-04
72726,glasstumble16,1,2021-12-05
72906,Jim-Dread,1,2021-12-05
72977,broken4ever81,1,2021-12-05
73016,AlexPlaysMusic123,1,2021-12-05
73188,Jim-Dread,1,2021-12-06
73272,anechointhedark,1,2021-12-06
73404,[deleted],1,2021-12-06
73428,Jim-Dread,1,2021-12-06
73489,AlexPlaysMusic123,1,2021-12-06
73514,AlexPlaysMusic123,1,2021-12-06
73516,broken4ever81,1,2021-12-06
73521,AlexPlaysMusic123,1,2021-12-06
73535,AlexPlaysMusic123,0,2021-12-06
73558,AlexPlaysMusic123,1,2021-12-06
73579,glasstumble16,1,2021-12-07
73614,Aqua_v2,1,2021-12-07
73626,[deleted],1,2021-12-07
73627,[deleted],1,2021-12-07
73642,[deleted],1,2021-12-07
73669,AlexPlaysMusic123,1,2021-12-07
73689,anechointhedark,1,2021-12-07
73704,AlexPlaysMusic123,1,2021-12-07
73712,[deleted],1,2021-12-07
73713,[deleted],1,2021-12-07
73720,[deleted],0,2021-12-07
73724,[deleted],1,2021-12-07
73728,[deleted],1,2021-12-07
73738,[deleted],1,2021-12-07
73757,[deleted],1,2021-12-07
73760,[deleted],0,2021-12-07
73761,[deleted],1,2021-12-07
73763,[deleted],1,2021-12-07
73770,[deleted],0,2021-12-07
73779,glasstumble16,1,2021-12-07
73788,[deleted],1,2021-12-07
73790,[deleted],0,2021-12-07
73791,[deleted],1,2021-12-07
73798,[deleted],1,2021-12-07
73800,[deleted],0,2021-12-07
73804,[deleted],1,2021-12-07
73808,[deleted],1,2021-12-07
73811,[deleted],1,2021-12-07
73817,[deleted],1,2021-12-07
73818,[deleted],1,2021-12-07
73823,[deleted],1,2021-12-07
73833,[deleted],1,2021-12-07
73834,[deleted],1,2021-12-07
73845,[deleted],0,2021-12-07
73851,[deleted],1,2021-12-07
73854,[deleted],1,2021-12-07
73861,[deleted],1,2021-12-07
73862,[deleted],1,2021-12-07
73864,[deleted],1,2021-12-07
73869,[deleted],1,2021-12-07
73874,[deleted],1,2021-12-07
73876,AlexPlaysMusic123,1,2021-12-07
73877,[deleted],1,2021-12-07
73878,[deleted],1,2021-12-07
73885,[deleted],0,2021-12-07
73889,[deleted],1,2021-12-07
73891,[deleted],1,2021-12-07
73893,[deleted],1,2021-12-07
73894,[deleted],1,2021-12-07
73895,[deleted],0,2021-12-07
73898,[deleted],1,2021-12-07
73899,[deleted],1,2021-12-07
73900,[deleted],0,2021-12-07
73905,[deleted],0,2021-12-07
73910,[deleted],0,2021-12-07
73921,[deleted],1,2021-12-07
73922,[deleted],1,2021-12-07
73926,[deleted],1,2021-12-07
73930,[deleted],0,2021-12-07
73934,[deleted],1,2021-12-07
73946,[deleted],1,2021-12-07
73951,[deleted],1,2021-12-07
73953,[deleted],1,2021-12-07
73957,Jim-Dread,1,2021-12-07
73962,[deleted],1,2021-12-07
73963,[deleted],1,2021-12-07
73979,[deleted],1,2021-12-07
73998,[deleted],1,2021-12-07
74001,[deleted],1,2021-12-07
74003,[deleted],1,2021-12-07
74004,[deleted],1,2021-12-07
74007,[deleted],1,2021-12-07
74016,[deleted],1,2021-12-07
74020,[deleted],0,2021-12-07
74024,[deleted],1,2021-12-07
74025,[deleted],0,2021-12-07
74028,[deleted],1,2021-12-07
74034,[deleted],1,2021-12-07
74039,[deleted],1,2021-12-07
74042,[deleted],1,2021-12-07
74047,[deleted],1,2021-12-07
74048,[deleted],1,2021-12-07
74049,[deleted],1,2021-12-07
74050,[deleted],0,2021-12-07
74055,[deleted],0,2021-12-07
74059,[deleted],1,2021-12-07
74061,[deleted],1,2021-12-07
74068,Jim-Dread,1,2021-12-07
74070,[deleted],0,2021-12-07
74071,[deleted],1,2021-12-07
74074,[deleted],1,2021-12-07
74082,[deleted],1,2021-12-07
74085,AlexPlaysMusic123,0,2021-12-07
74089,[deleted],1,2021-12-07
74094,[deleted],1,2021-12-07
74101,[deleted],1,2021-12-07
74121,[deleted],1,2021-12-07
74125,[deleted],0,2021-12-07
74126,[deleted],1,2021-12-07
74142,[deleted],1,2021-12-07
74147,glasstumble16,1,2021-12-07
74157,[deleted],1,2021-12-08
74168,[deleted],1,2021-12-08
74176,[deleted],1,2021-12-08
74179,[deleted],1,2021-12-08
74196,[deleted],1,2021-12-08
74217,[deleted],1,2021-12-08
74230,[deleted],0,2021-12-08
74233,[deleted],1,2021-12-08
74239,[deleted],1,2021-12-08
74249,[deleted],1,2021-12-08
74257,[deleted],1,2021-12-08
74258,[deleted],1,2021-12-08
74259,[deleted],1,2021-12-08
74264,[deleted],1,2021-12-08
74266,[deleted],1,2021-12-08
74270,[deleted],0,2021-12-08
74275,[deleted],0,2021-12-08
74282,[deleted],1,2021-12-08
74284,[deleted],1,2021-12-08
74286,[deleted],1,2021-12-08
74289,[deleted],1,2021-12-08
74290,[deleted],0,2021-12-08
74297,[deleted],1,2021-12-08
74298,[deleted],1,2021-12-08
74300,[deleted],0,2021-12-08
74302,[deleted],1,2021-12-08
74306,[deleted],1,2021-12-08
74308,[deleted],1,2021-12-08
74311,[deleted],1,2021-12-08
74316,AlexPlaysMusic123,1,2021-12-08
74318,[deleted],1,2021-12-08
74324,[deleted],1,2021-12-08
74333,[deleted],1,2021-12-08
74381,[deleted],1,2021-12-08
74382,[deleted],1,2021-12-08
74388,[deleted],1,2021-12-08
74408,[deleted],1,2021-12-08
74411,[deleted],1,2021-12-08
74413,[deleted],1,2021-12-08
74417,[deleted],1,2021-12-08
74420,[deleted],0,2021-12-08
74432,[deleted],1,2021-12-08
74439,[deleted],1,2021-12-08
74452,[deleted],1,2021-12-08
74453,[deleted],1,2021-12-08
74462,[deleted],1,2021-12-08
74479,[deleted],1,2021-12-08
74496,[deleted],1,2021-12-08
74502,[deleted],1,2021-12-08
74520,[deleted],0,2021-12-08
74536,[deleted],1,2021-12-08
74544,[deleted],1,2021-12-08
74562,[deleted],1,2021-12-08
74565,[deleted],0,2021-12-08
74576,[deleted],1,2021-12-08
74577,[deleted],1,2021-12-08
74581,[deleted],1,2021-12-08
74588,[deleted],1,2021-12-08
74590,[deleted],0,2021-12-08
74592,[deleted],1,2021-12-08
74596,[deleted],1,2021-12-08
74610,[deleted],0,2021-12-08
74616,[deleted],1,2021-12-08
74620,[deleted],0,2021-12-08
74626,[deleted],1,2021-12-08
74630,[deleted],0,2021-12-08
74635,[deleted],0,2021-12-08
74648,[deleted],1,2021-12-08
74666,RaininStarburst,1,2021-12-08
74671,[deleted],1,2021-12-08
74680,[deleted],0,2021-12-08
74688,RaininStarburst,1,2021-12-08
74696,[deleted],1,2021-12-09
74699,[deleted],1,2021-12-09
74707,RaininStarburst,1,2021-12-09
74777,glasstumble16,1,2021-12-09
74956,[deleted],1,2021-12-09
75028,AlexPlaysMusic123,1,2021-12-09
75107,anechointhedark,1,2021-12-09
75197,AlexPlaysMusic123,1,2021-12-10
75215,AlexPlaysMusic123,0,2021-12-10
75233,RaininStarburst,1,2021-12-10
75244,glasstumble16,1,2021-12-10
75246,RaininStarburst,1,2021-12-10
75256,RaininStarburst,1,2021-12-10
75282,glasstumble16,1,2021-12-10
75295,broken4ever81,0,2021-12-10
75558,broken4ever81,1,2021-12-10
75723,glasstumble16,1,2021-12-11
75890,RepresentativeElk159,0,2021-12-11
75944,AlexPlaysMusic123,1,2021-12-11
75953,AlexPlaysMusic123,1,2021-12-11
75962,broken4ever81,1,2021-12-11
75976,AlexPlaysMusic123,1,2021-12-11
76043,broken4ever81,1,2021-12-11
76094,RaininStarburst,1,2021-12-11
76095,RaininStarburst,0,2021-12-11
76110,RaininStarburst,0,2021-12-12
76117,RaininStarburst,1,2021-12-12
76131,AlexPlaysMusic123,1,2021-12-12
76317,AlexPlaysMusic123,1,2021-12-12
76614,AlexPlaysMusic123,1,2021-12-13
76621,Aqua_v2,1,2021-12-13
76708,glasstumble16,1,2021-12-13
76733,AlexPlaysMusic123,1,2021-12-13
76751,glasstumble16,1,2021-12-13
76757,ThatWasNotEasy10,1,2021-12-13
76842,Jim-Dread,1,2021-12-13
76937,anechointhedark,1,2021-12-13
77036,anechointhedark,1,2021-12-13
77108,RaininStarburst,1,2021-12-13
77129,RaininStarburst,1,2021-12-13
77132,RaininStarburst,1,2021-12-14
77145,RaininStarburst,0,2021-12-14
77148,RaininStarburst,1,2021-12-14
77178,ThatWasNotEasy10,1,2021-12-14
77198,patheticccccccc,1,2021-12-14
77204,glasstumble16,1,2021-12-14
77261,glasstumble16,1,2021-12-14
77277,broken4ever81,1,2021-12-14
77421,[deleted],1,2021-12-14
77450,Aqua_v2,0,2021-12-14
77454,Existing5678,1,2021-12-14
77647,RaininStarburst,1,2021-12-15
77658,RaininStarburst,1,2021-12-15
77663,RaininStarburst,1,2021-12-15
77665,RaininStarburst,0,2021-12-15
77965,anechointhedark,0,2021-12-15
78144,glasstumble16,1,2021-12-16
78171,ThatWasNotEasy10,1,2021-12-16
78245,anechointhedark,0,2021-12-16
78316,Jim-Dread,1,2021-12-16
78499,RaininStarburst,1,2021-12-16
78500,RaininStarburst,0,2021-12-16
78521,RaininStarburst,1,2021-12-17
78524,RaininStarburst,1,2021-12-17
78527,RaininStarburst,1,2021-12-17
78528,RaininStarburst,1,2021-12-17
78556,glasstumble16,1,2021-12-17
78573,AlexPlaysMusic123,1,2021-12-17
78622,ThatWasNotEasy10,1,2021-12-17
78667,AlexPlaysMusic123,1,2021-12-17
78836,broken4ever81,1,2021-12-17
78879,AlexPlaysMusic123,1,2021-12-17
78966,RaininStarburst,1,2021-12-18
78967,RaininStarburst,1,2021-12-18
78986,RaininStarburst,1,2021-12-18
78987,RaininStarburst,1,2021-12-18
78990,RaininStarburst,0,2021-12-18
78992,RaininStarburst,1,2021-12-18
79029,ThatWasNotEasy10,1,2021-12-18
79112,Jim-Dread,1,2021-12-18
79116,anechointhedark,1,2021-12-18
79245,anechointhedark,0,2021-12-18
79400,AlexPlaysMusic123,0,2021-12-19
79776,ThatWasNotEasy10,1,2021-12-19
79891,RaininStarburst,1,2021-12-20
79896,RaininStarburst,1,2021-12-20
79897,AlexPlaysMusic123,1,2021-12-20
79928,RaininStarburst,1,2021-12-20
79930,RaininStarburst,0,2021-12-20
79939,[deleted],1,2021-12-20
79941,RaininStarburst,1,2021-12-20
79943,RaininStarburst,1,2021-12-20
80206,Jim-Dread,1,2021-12-20
80292,Aqua_v2,1,2021-12-20
80374,RaininStarburst,1,2021-12-21
80375,RaininStarburst,0,2021-12-21
80379,Jim-Dread,1,2021-12-21
80391,RaininStarburst,1,2021-12-21
80393,RaininStarburst,1,2021-12-21
80398,RaininStarburst,1,2021-12-21
80400,RaininStarburst,0,2021-12-21
80499,Jim-Dread,1,2021-12-21
80705,broken4ever81,0,2021-12-21
80736,Aqua_v2,1,2021-12-21
80935,RepresentativeElk159,0,2021-12-22
81073,Jim-Dread,1,2021-12-22
81134,RaininStarburst,1,2021-12-22
81137,RaininStarburst,1,2021-12-22
81157,RaininStarburst,1,2021-12-23
81160,RaininStarburst,0,2021-12-23
81167,RaininStarburst,1,2021-12-23
81170,RaininStarburst,0,2021-12-23
81211,glasstumble16,1,2021-12-23
81528,[deleted],1,2021-12-23
81658,RaininStarburst,1,2021-12-24
81660,RaininStarburst,0,2021-12-24
81670,RaininStarburst,0,2021-12-24
81671,RaininStarburst,1,2021-12-24
81676,RaininStarburst,1,2021-12-24
81677,RaininStarburst,1,2021-12-24
81688,Jim-Dread,1,2021-12-24
81737,Jim-Dread,1,2021-12-24
81907,Jim-Dread,1,2021-12-24
82420,broken4ever81,0,2021-12-25
82739,Jim-Dread,1,2021-12-26
82764,[deleted],1,2021-12-26
82810,AlexPlaysMusic123,0,2021-12-26
82854,[deleted],1,2021-12-26
82941,glasstumble16,1,2021-12-27
82966,Aqua_v2,1,2021-12-27
83012,glasstumble16,1,2021-12-27
83129,[deleted],1,2021-12-27
83470,glasstumble16,0,2021-12-28
83474,Aqua_v2,1,2021-12-28
83571,Existing5678,1,2021-12-28
83644,[deleted],1,2021-12-28
83868,broken4ever81,1,2021-12-28
83897,anechointhedark,1,2021-12-28
83977,ThatWasNotEasy10,1,2021-12-29
83997,Aqua_v2,1,2021-12-29
84011,Jim-Dread,1,2021-12-29
84100,RepresentativeElk159,0,2021-12-29
84461,Jim-Dread,1,2021-12-30
84667,Jim-Dread,1,2021-12-30
84813,broken4ever81,1,2021-12-30
84976,glasstumble16,1,2021-12-31
84977,glasstumble16,1,2021-12-31
85144,[deleted],1,2021-12-31
85157,Jim-Dread,1,2021-12-31
85204,Jim-Dread,1,2021-12-31
85254,[deleted],1,2021-12-31
85262,Aqua_v2,1,2021-12-31
85598,Existing5678,1,2022-01-01
85876,ThatWasNotEasy10,1,2022-01-01
86193,broken4ever81,1,2022-01-02
86275,Jim-Dread,0,2022-01-02
86368,[deleted],1,2022-01-02
86442,[deleted],1,2022-01-02
86779,Jim-Dread,1,2022-01-03
86835,[deleted],0,2022-01-03
87169,[deleted],1,2022-01-04
87561,patheticccccccc,1,2022-01-05
87664,ThatWasNotEasy10,1,2022-01-05
88051,anechointhedark,1,2022-01-06
88144,ThatWasNotEasy10,1,2022-01-06
88397,[deleted],1,2022-01-06
88416,ThatWasNotEasy10,1,2022-01-06
88542,glasstumble16,1,2022-01-07
88579,Existing5678,1,2022-01-07
88980,[deleted],0,2022-01-08
89146,broken4ever81,1,2022-01-08
89182,Aqua_v2,1,2022-01-08
89253,[deleted],1,2022-01-08
89365,AlexPlaysMusic123,0,2022-01-08
89424,Jim-Dread,1,2022-01-09
89788,Jim-Dread,1,2022-01-09
89891,RepresentativeElk159,1,2022-01-09
90054,AlexPlaysMusic123,1,2022-01-10
90087,RepresentativeElk159,1,2022-01-10
90544,AlexPlaysMusic123,1,2022-01-11
90858,Aqua_v2,1,2022-01-11
91000,AlexPlaysMusic123,0,2022-01-12
91001,patheticccccccc,1,2022-01-12
91018,ThatWasNotEasy10,1,2022-01-12
91617,anechointhedark,1,2022-01-13
91654,ThatWasNotEasy10,1,2022-01-13
91706,anechointhedark,1,2022-01-13
91713,patheticccccccc,1,2022-01-13
91722,patheticccccccc,1,2022-01-13
91801,anechointhedark,1,2022-01-13
92211,broken4ever81,1,2022-01-14
92291,patheticccccccc,1,2022-01-15
92339,patheticccccccc,1,2022-01-15
92461,Aqua_v2,1,2022-01-15
92586,broken4ever81,1,2022-01-15
92972,RepresentativeElk159,1,2022-01-16
93348,ThatWasNotEasy10,1,2022-01-17
93642,broken4ever81,1,2022-01-17
93779,glasstumble16,1,2022-01-18
93808,ThatWasNotEasy10,1,2022-01-18
94045,patheticccccccc,0,2022-01-18
94132,broken4ever81,1,2022-01-18
94217,glasstumble16,1,2022-01-18
94299,patheticccccccc,1,2022-01-19
94352,ThatWasNotEasy10,1,2022-01-19
94437,RepresentativeElk159,1,2022-01-19
94631,anechointhedark,1,2022-01-19
94761,glasstumble16,1,2022-01-20
94772,ThatWasNotEasy10,1,2022-01-20
95211,anechointhedark,1,2022-01-21
95230,[deleted],0,2022-01-21
95553,patheticccccccc,1,2022-01-22
95592,patheticccccccc,1,2022-01-22
95598,patheticccccccc,1,2022-01-22
95686,patheticccccccc,1,2022-01-22
95752,[deleted],1,2022-01-22
96471,anechointhedark,1,2022-01-23
96487,patheticccccccc,1,2022-01-23
96892,patheticccccccc,1,2022-01-24
96920,[deleted],0,2022-01-24
96950,anechointhedark,0,2022-01-24
96985,patheticccccccc,0,2022-01-24
97114,broken4ever81,1,2022-01-25
97124,ThatWasNotEasy10,1,2022-01-25
97161,Jim-Dread,1,2022-01-25
97277,anechointhedark,1,2022-01-25
97530,Aqua_v2,0,2022-01-26
97625,glasstumble16,0,2022-01-26
97653,Jim-Dread,1,2022-01-26
97670,glasstumble16,0,2022-01-26
97742,Aqua_v2,1,2022-01-26
97751,[deleted],1,2022-01-26
97871,glasstumble16,1,2022-01-26
98082,ThatWasNotEasy10,1,2022-01-27
98455,[deleted],0,2022-01-28
98747,[deleted],1,2022-01-28
98856,Aqua_v2,1,2022-01-29
98963,anechointhedark,1,2022-01-29
98997,[deleted],1,2022-01-29
99039,anechointhedark,1,2022-01-29
99154,anechointhedark,1,2022-01-29
99279,[deleted],1,2022-01-29
99722,anechointhedark,1,2022-01-30
